year,item,n,pre_mean,post_mean,mean_change,pre_observed_min,pre_observed_max,post_observed_min,post_observed_max,pre_unique_value_n,post_unique_value_n,pre_unique_values,post_unique_values,pre_half_point_n,pre_half_point_percent,post_half_point_n,post_half_point_percent,pre_at_observed_min_percent,pre_at_observed_max_percent,post_at_observed_min_percent,post_at_observed_max_percent,range_basis
21/22,1,132,0.06818181818181818,1.303030303030303,1.2348484848484849,0,1,0,4,3,8,0;0.5;1,0;0.5;1;1.5;2;2.5;3;4,8,6.0606060606060606,46,34.84848484848485,90.15151515151516,3.787878787878788,15.909090909090908,0.7575757575757576,Observed values only; theoretical item limits not established
21/22,2,132,0.030303030303030304,0.8863636363636364,0.8560606060606061,0,1,0,5,2,8,0;1,0;0.5;1;2;3;4;4.5;5,0,0,2,1.5151515151515151,96.96969696969697,3.0303030303030303,66.66666666666666,6.0606060606060606,Observed values only; theoretical item limits not established
21/22,3,132,0.015151515151515152,1.8257575757575757,1.8106060606060606,0,2,0,5,2,6,0;2,0;1;2;3;4;5,0,0,0,0,99.24242424242425,0.7575757575757576,21.21212121212121,0.7575757575757576,Observed values only; theoretical item limits not established
21/22,4,132,0.030303030303030304,0.16666666666666666,0.13636363636363635,0,1,0,3,2,4,0;1,0;1;2;3,0,0,0,0,96.96969696969697,3.0303030303030303,87.87878787878788,0.7575757575757576,Observed values only; theoretical item limits not established
21/22,5,132,0.8068181818181818,1.2386363636363635,0.4318181818181818,0,3,0,3,7,7,0;0.5;1;1.5;2;2.5;3,0;0.5;1;1.5;2;2.5;3,33,25,61,46.21212121212121,27.27272727272727,0.7575757575757576,12.878787878787879,1.5151515151515151,Observed values only; theoretical item limits not established
21/22,6,132,0.08333333333333333,0.13257575757575757,0.04924242424242424,0,2,0,1.5,5,4,0;0.5;1;1.5;2,0;0.5;1;1.5,2,1.5151515151515151,5,3.787878787878788,93.18181818181817,1.5151515151515151,85.60606060606061,0.7575757575757576,Observed values only; theoretical item limits not established
21/22,7,132,0.022727272727272728,0.26515151515151514,0.24242424242424243,0,2,0,4,3,6,0;1;2,0;1;1.5;2;3;4,0,0,2,1.5151515151515151,98.48484848484848,0.7575757575757576,84.84848484848484,0.7575757575757576,Observed values only; theoretical item limits not established
21/22,8,132,0.25,0.42424242424242425,0.17424242424242425,0,2,0,3,3,4,0;1;2,0;1;2;3,0,0,0,0,81.81818181818183,6.8181818181818175,66.66666666666666,1.5151515151515151,Observed values only; theoretical item limits not established
24/25,1,85,0.1,1.2529411764705882,1.1529411764705881,0,1,0,4,3,8,0;0.5;1,0;0.5;1;1.5;2;2.5;3;4,1,1.1764705882352942,5,5.88235294117647,89.41176470588236,9.411764705882353,18.823529411764707,3.5294117647058822,Observed values only; theoretical item limits not established
24/25,2,85,0.023529411764705882,3.0470588235294116,3.023529411764706,0,1,0,5,2,6,0;1,0;1;2;3;4;5,0,0,0,0,97.6470588235294,2.3529411764705883,22.35294117647059,28.235294117647058,Observed values only; theoretical item limits not established
24/25,3,85,0.07058823529411765,0.25882352941176473,0.18823529411764706,0,2,0,3,5,5,0;0.5;1;1.5;2,0;1;1.5;2;3,2,2.3529411764705883,2,2.3529411764705883,94.11764705882352,1.1764705882352942,85.88235294117646,1.1764705882352942,Observed values only; theoretical item limits not established
24/25,4,85,0.03529411764705882,2.2941176470588234,2.2588235294117647,0,2,0,5,3,6,0;1;2,0;1;2;3;4;5,0,0,0,0,97.6470588235294,1.1764705882352942,20,3.5294117647058822,Observed values only; theoretical item limits not established
24/25,5,85,0.09411764705882353,0.4823529411764706,0.38823529411764707,0,2,0,3,3,4,0;1;2,0;1;2;3,0,0,0,0,91.76470588235294,1.1764705882352942,69.41176470588235,3.5294117647058822,Observed values only; theoretical item limits not established
24/25,6,85,0.8588235294117647,1.9705882352941178,1.111764705882353,0,2.5,0,5,6,10,0;0.5;1;1.5;2;2.5,0;0.5;1;1.5;2;2.5;3;4;4.5;5,28,32.94117647058823,35,41.17647058823529,29.411764705882355,5.88235294117647,9.411764705882353,4.705882352941177,Observed values only; theoretical item limits not established
24/25,7,85,0.07058823529411765,0.47058823529411764,0.4,0,2,0,3,3,4,0;1;2,0;1;2;3,0,0,0,0,94.11764705882352,1.1764705882352942,69.41176470588235,2.3529411764705883,Observed values only; theoretical item limits not established
24/25,8,85,0.4117647058823529,1.0235294117647058,0.611764705882353,0,4,0,3,4,4,0;1;2;4,0;1;2;3,0,0,0,0,71.76470588235294,1.1764705882352942,36.470588235294116,4.705882352941177,Observed values only; theoretical item limits not established
25/26,1,314,0.12738853503184713,1.6910828025477707,1.5636942675159236,0,3,0,5,7,11,0;0.5;1;1.5;2;2.5;3,0;0.5;1;1.5;2;2.5;3;3.5;4;4.5;5,8,2.547770700636943,34,10.828025477707007,89.171974522293,0.3184713375796179,10.509554140127388,4.140127388535031,Observed values only; theoretical item limits not established
25/26,2,314,0.08280254777070063,2.554140127388535,2.4713375796178343,0,2,0,5,3,6,0;1;2,0;1;2;3;4;5,0,0,0,0,92.35668789808918,0.6369426751592357,22.29299363057325,19.426751592356688,Observed values only; theoretical item limits not established
25/26,3,314,0.06528662420382166,0.45222929936305734,0.3869426751592357,0,3,0,5,6,9,0;0.5;1;1.5;2;3,0;0.5;1;1.5;2;2.5;3;4;5,3,0.9554140127388535,6,1.910828025477707,95.54140127388536,0.3184713375796179,76.75159235668791,1.910828025477707,Observed values only; theoretical item limits not established
25/26,4,314,0.08917197452229299,1.5222929936305734,1.4331210191082802,0,4,0,5,5,6,0;1;2;3;4,0;1;2;3;4;5,0,0,0,0,95.54140127388536,0.3184713375796179,37.898089171974526,3.821656050955414,Observed values only; theoretical item limits not established
25/26,5,314,0.08598726114649681,0.5700636942675159,0.4840764331210191,0,2,0,5,3,6,0;1;2,0;1;2;3;4;5,0,0,0,0,92.03821656050955,0.6369426751592357,64.64968152866241,1.910828025477707,Observed values only; theoretical item limits not established
25/26,6,314,0.9187898089171974,1.8041401273885351,0.8853503184713376,0,3,0,5,7,11,0;0.5;1;1.5;2;2.5;3,0;0.5;1;1.5;2;2.5;3;3.5;4;4.5;5,111,35.35031847133758,115,36.624203821656046,22.929936305732486,1.5923566878980893,16.24203821656051,6.050955414012739,Observed values only; theoretical item limits not established
25/26,7,314,0.10191082802547771,0.3821656050955414,0.2802547770700637,0,3,0,3,4,4,0;1;2;3,0;1;2;3,0,0,0,0,91.40127388535032,0.6369426751592357,68.78980891719745,1.2738853503184715,Observed values only; theoretical item limits not established
25/26,8,314,0.3471337579617834,0.8885350318471338,0.5414012738853503,0,2,0,4,3,5,0;1;2,0;1;2;3;4,0,0,0,0,73.24840764331209,7.961783439490445,45.85987261146497,0.9554140127388535,Observed values only; theoretical item limits not established
