workshop,year,item,item_label,n,pre_mean,post_mean,mean_change,bootstrap_mean_ci_low,bootstrap_mean_ci_high,improved_percent,item_display
Ansiedad,21/22,1,Anxiety conceptualisation,132,0.06818181818181818,1.303030303030303,1.2348484848484849,1.0909090909090908,1.378787878787879,81.06060606060606,Item 1 — Anxiety conceptualisation
Ansiedad,21/22,2,Components and process of the anxiety response,132,0.030303030303030304,0.8863636363636364,0.8560606060606061,0.6060606060606061,1.125,32.57575757575758,Item 2 — Components and process of the anxiety response
Ansiedad,21/22,3,Learning and consolidation processes,132,0.015151515151515152,1.8257575757575757,1.8106060606060606,1.5984848484848484,2.022727272727273,78.03030303030303,Item 3 — Learning and consolidation processes
Ansiedad,21/22,4,Metacognition,132,0.030303030303030304,0.16666666666666666,0.13636363636363635,0.06060606060606061,0.2196969696969697,10.606060606060606,Item 4 — Metacognition
Ansiedad,21/22,5,Verbalisation and support processes,132,0.8068181818181818,1.2386363636363635,0.4318181818181818,0.2765151515151515,0.5871212121212122,53.03030303030303,Item 5 — Verbalisation and support processes
Ansiedad,21/22,6,Relaxation and regulation methods,132,0.08333333333333333,0.13257575757575757,0.04924242424242424,-0.03409090909090909,0.13257575757575757,13.636363636363635,Item 6 — Relaxation and regulation methods
Ansiedad,21/22,7,Long-term prevention and regulation,132,0.022727272727272728,0.26515151515151514,0.24242424242424243,0.125,0.375,15.151515151515152,Item 7 — Long-term prevention and regulation
Ansiedad,21/22,8,Integration of knowledge into practical advice,132,0.25,0.42424242424242425,0.17424242424242425,0.06818181818181818,0.2803030303030303,25,Item 8 — Integration of knowledge into practical advice
Ansiedad,24/25,1,Anxiety conceptualisation,85,0.1,1.2529411764705882,1.1529411764705881,0.9411764705882353,1.388235294117647,75.29411764705883,Item 1 — Anxiety conceptualisation
Ansiedad,24/25,2,Components and process of the anxiety response,85,0.023529411764705882,3.0470588235294116,3.023529411764706,2.623529411764706,3.4235294117647057,77.64705882352942,Item 2 — Components and process of the anxiety response
Ansiedad,24/25,3,Learning and consolidation processes,85,0.07058823529411765,0.25882352941176473,0.18823529411764706,0.047058823529411764,0.3411764705882353,11.76470588235294,Item 3 — Learning and consolidation processes
Ansiedad,24/25,4,Metacognition,85,0.03529411764705882,2.2941176470588234,2.2588235294117647,1.9294117647058824,2.5764705882352943,80,Item 4 — Metacognition
Ansiedad,24/25,5,Verbalisation and support processes,85,0.09411764705882353,0.4823529411764706,0.38823529411764707,0.21176470588235294,0.5764705882352941,28.235294117647058,Item 5 — Verbalisation and support processes
Ansiedad,24/25,6,Relaxation and regulation methods,85,0.8588235294117647,1.9705882352941178,1.111764705882353,0.8294117647058824,1.3823529411764706,71.76470588235294,Item 6 — Relaxation and regulation methods
Ansiedad,24/25,7,Long-term prevention and regulation,85,0.07058823529411765,0.47058823529411764,0.4,0.24705882352941178,0.5764705882352941,28.235294117647058,Item 7 — Long-term prevention and regulation
Ansiedad,24/25,8,Integration of knowledge into practical advice,85,0.4117647058823529,1.0235294117647058,0.611764705882353,0.3764705882352941,0.8352941176470589,47.05882352941176,Item 8 — Integration of knowledge into practical advice
Ansiedad,25/26,1,Anxiety conceptualisation,314,0.12738853503184713,1.6910828025477707,1.5636942675159236,1.4219745222929936,1.7070063694267517,84.07643312101911,Item 1 — Anxiety conceptualisation
Ansiedad,25/26,2,Components and process of the anxiety response,314,0.08280254777070063,2.554140127388535,2.4713375796178343,2.2674363057324842,2.6687898089171975,77.38853503184714,Item 2 — Components and process of the anxiety response
Ansiedad,25/26,3,Learning and consolidation processes,314,0.06528662420382166,0.45222929936305734,0.3869426751592357,0.2786624203821656,0.5047770700636943,21.97452229299363,Item 3 — Learning and consolidation processes
Ansiedad,25/26,4,Metacognition,314,0.08917197452229299,1.5222929936305734,1.4331210191082802,1.2707006369426752,1.6051751592356676,60.509554140127385,Item 4 — Metacognition
Ansiedad,25/26,5,Verbalisation and support processes,314,0.08598726114649681,0.5700636942675159,0.4840764331210191,0.37579617834394907,0.5955414012738853,33.43949044585987,Item 5 — Verbalisation and support processes
Ansiedad,25/26,6,Relaxation and regulation methods,314,0.9187898089171974,1.8041401273885351,0.8853503184713376,0.7308519108280255,1.0398089171974523,60.509554140127385,Item 6 — Relaxation and regulation methods
Ansiedad,25/26,7,Long-term prevention and regulation,314,0.10191082802547771,0.3821656050955414,0.2802547770700637,0.21656050955414013,0.34394904458598724,27.388535031847134,Item 7 — Long-term prevention and regulation
Ansiedad,25/26,8,Integration of knowledge into practical advice,314,0.3471337579617834,0.8885350318471338,0.5414012738853503,0.4267515923566879,0.6529458598726103,44.26751592356688,Item 8 — Integration of knowledge into practical advice
Decisiones,24/25,1,Decision-making and problem solving,142,0.4295774647887324,1.8732394366197183,1.443661971830986,1.2112676056338028,1.6866197183098592,82.3943661971831,Item 1 — Decision-making and problem solving
Decisiones,24/25,2,Cold (rational) cognitive processes,142,0.04929577464788732,0.9084507042253521,0.8591549295774648,0.7147887323943662,1.0035211267605635,57.04225352112676,Item 2 — Cold (rational) cognitive processes
Decisiones,24/25,3,Hot (emotional) processes,142,0.056338028169014086,0.6619718309859155,0.6056338028169014,0.5035211267605634,0.7183978873239424,52.112676056338024,Item 3 — Hot (emotional) processes
Decisiones,24/25,4,Planning and the context of decisions,142,0.24647887323943662,0.6690140845070423,0.4225352112676056,0.29577464788732394,0.5492957746478874,34.50704225352113,Item 4 — Planning and the context of decisions
Decisiones,24/25,5,Impulsivity,142,0.5880281690140845,0.8204225352112676,0.2323943661971831,0.10915492957746478,0.35563380281690143,31.690140845070424,Item 5 — Impulsivity
Decisiones,24/25,6,Skills associated with effective decision-making,142,0.323943661971831,1.0633802816901408,0.7394366197183099,0.5704225352112676,0.9154929577464789,49.29577464788733,Item 6 — Skills associated with effective decision-making
Decisiones,24/25,7,Information organisation,142,0.14084507042253522,0.8028169014084507,0.6619718309859155,0.45774647887323944,0.8732394366197183,34.50704225352113,Item 7 — Information organisation
Decisiones,24/25,8,Integration of knowledge into practical advice,142,0.4014084507042254,1.1267605633802817,0.7253521126760564,0.5633802816901409,0.8874999999999975,50,Item 8 — Integration of knowledge into practical advice
Decisiones,25/26,1,Decision-making and problem solving,269,0.6022304832713755,1.6561338289962826,1.053903345724907,0.8921933085501859,1.2230947955390328,69.14498141263941,Item 1 — Decision-making and problem solving
Decisiones,25/26,2,Cold (rational) cognitive processes,269,0.0762081784386617,1.2676579925650557,1.191449814126394,1.0743494423791822,1.3141263940520447,73.97769516728626,Item 2 — Cold (rational) cognitive processes
Decisiones,25/26,3,Hot (emotional) processes,269,0.026022304832713755,1.3717472118959109,1.345724907063197,1.204460966542751,1.486988847583643,72.4907063197026,Item 3 — Hot (emotional) processes
Decisiones,25/26,4,Planning and the context of decisions,269,0.05947955390334572,0.6951672862453532,0.6356877323420075,0.5055762081784386,0.7769516728624535,34.94423791821561,Item 4 — Planning and the context of decisions
Decisiones,25/26,5,Impulsivity,269,0.45724907063197023,0.8438661710037175,0.38661710037174724,0.27137546468401486,0.5055762081784386,35.687732342007436,Item 5 — Impulsivity
Decisiones,25/26,6,Skills associated with effective decision-making,269,0.31226765799256506,1.5762081784386617,1.2639405204460967,1.104089219330855,1.420074349442379,62.825278810408925,Item 6 — Skills associated with effective decision-making
Decisiones,25/26,7,Information organisation,269,0.09665427509293681,0.9776951672862454,0.8810408921933085,0.7137546468401487,1.063197026022305,37.54646840148699,Item 7 — Information organisation
Decisiones,25/26,8,Integration of knowledge into practical advice,269,0.31226765799256506,0.8475836431226765,0.5353159851301115,0.42379182156133827,0.6505576208178439,40.89219330855018,Item 8 — Integration of knowledge into practical advice
Riesgo,25/26,1,Anxiety-state concepts,148,0.006756756756756757,1.0574324324324325,1.0506756756756757,0.9054054054054054,1.2027027027027026,72.2972972972973,Item 1 — Anxiety-state concepts
Riesgo,25/26,2,Factors associated with self-harm and suicidal behaviour,148,0.11486486486486487,0.9121621621621622,0.7972972972972973,0.5945945945945946,1.0202702702702702,43.24324324324324,Item 2 — Factors associated with self-harm and suicidal behaviour
Riesgo,25/26,3,Homeostasis and habituation,148,0.12162162162162163,0.7027027027027027,0.581081081081081,0.43243243243243246,0.7364864864864865,40.54054054054054,Item 3 — Homeostasis and habituation
Riesgo,25/26,4,Metacognition,148,0.527027027027027,1.0810810810810811,0.5540540540540541,0.3716216216216216,0.7432432432432432,33.108108108108105,Item 4 — Metacognition
Riesgo,25/26,5,"Impulsivity, anxiety and risk",148,0.08783783783783784,0.7027027027027027,0.6148648648648649,0.4391891891891892,0.7972972972972973,35.13513513513514,"Item 5 — Impulsivity, anxiety and risk"
Riesgo,25/26,6,Crisis regulation methods,148,0.47297297297297297,1.5743243243243243,1.1013513513513513,0.9054054054054054,1.3108108108108107,62.16216216216216,Item 6 — Crisis regulation methods
Riesgo,25/26,7,Long-term prevention and protective processes,148,0.02702702702702703,0.33783783783783783,0.3108108108108108,0.19594594594594594,0.43243243243243246,21.62162162162162,Item 7 — Long-term prevention and protective processes
Riesgo,25/26,8,Integration of knowledge into practical advice,148,0.4797297297297297,0.8581081081081081,0.3783783783783784,0.23648648648648649,0.5202702702702703,40.54054054054054,Item 8 — Integration of knowledge into practical advice
