workshop,item,item_label,n,pre_mean,pre_sd,pre_median,pre_IQR,pre_observed_min,pre_observed_max,post_mean,post_sd,post_median,post_IQR,post_observed_min,post_observed_max,mean_change,sd_change,median_change,IQR_change,change_min,change_max,bootstrap_mean_ci_low,bootstrap_mean_ci_high,cohen_dz,dz_note,improved_n,improved_percent,unchanged_n,unchanged_percent,decreased_n,decreased_percent,pre_observed_min_concentration,pre_observed_max_concentration,post_observed_min_concentration,post_observed_max_concentration,range_basis,item_display
Ansiedad,1,Anxiety conceptualisation,531,0.10828625235404897,0.3529486051891766,0,0,0,3,1.524482109227872,1.1526685466572344,1,1,0,5,1.4161958568738229,1.1856219732505382,1,1,-1,5,1.3173022598870057,1.5160075329566856,1.1944750424885735,,435,81.92090395480226,89,16.760828625235405,7,1.3182674199623352,0.8945386064030132,0.0018832391713747645,0.1318267419962335,0.02448210922787194,Observed endpoints only; theoretical item limits not established,Item 1 — Anxiety conceptualisation
Ansiedad,2,Components and process of the anxiety response,531,0.060263653483992465,0.25354677692988437,0,0,0,2,2.2184557438794728,1.9445905295857742,2,4,0,5,2.15819209039548,1.9387857824425758,2,4,-2,5,1.9924670433145009,2.3258003766478343,1.113166864508613,,352,66.29001883239172,172,32.39171374764595,7,1.3182674199623352,0.943502824858757,0.003766478342749529,0.3333333333333333,0.1751412429378531,Observed endpoints only; theoretical item limits not established,Item 2 — Components and process of the anxiety response
Ansiedad,3,Learning and consolidation processes,531,0.05367231638418079,0.2969033226268921,0,0,0,3,0.7627118644067796,1.2038473661441378,0,1,0,5,0.7090395480225988,1.2207302254546921,0,1,-2,5,0.6045197740112994,0.812617702448211,0.5808323028607725,,182,34.27495291902072,339,63.84180790960452,10,1.8832391713747645,0.9623352165725048,0.0018832391713747645,0.6440677966101694,0.013182674199623353,Observed endpoints only; theoretical item limits not established,Item 3 — Learning and consolidation processes
Ansiedad,4,Metacognition,531,0.06591337099811675,0.3803995714912024,0,0,0,4,1.3088512241054613,1.521759408281051,1,3,0,5,1.2429378531073447,1.5107545390507857,1,2,-2,5,1.1167608286252355,1.3728813559322033,0.8227265389441017,,272,51.2241054613936,255,48.0225988700565,4,0.7532956685499058,0.9623352165725048,0.0018832391713747645,0.4745762711864407,0.02824858757062147,Observed endpoints only; theoretical item limits not established,Item 4 — Metacognition
Ansiedad,5,Verbalisation and support processes,531,0.2664783427495292,0.5276207087159559,0,0,0,3,0.7222222222222222,0.9647345688115245,0,1,0,5,0.455743879472693,0.9666221883617317,0,1,-2.5,5,0.3728813559322034,0.5404896421845574,0.4714808794582971,,199,37.47645951035782,292,54.99058380414312,40,7.532956685499058,0.7589453860640302,0.0018832391713747645,0.5254237288135594,0.011299435028248588,Observed endpoints only; theoretical item limits not established,Item 5 — Verbalisation and support processes
Ansiedad,6,Relaxation and regulation methods,531,0.7015065913370998,0.7610057827451554,0.5,1,0,3,1.4152542372881356,1.4256322269653559,1,2.5,0,5,0.7137476459510358,1.2925692143684713,0.5,1.5,-2.5,5,0.6054378531073447,0.8229990583804141,0.5521929797003262,,269,50.65913370998116,191,35.969868173258,71,13.370998116760829,0.4143126177024482,0.009416195856873822,0.3239171374764595,0.04331450094161959,Observed endpoints only; theoretical item limits not established,Item 6 — Relaxation and regulation methods
Ansiedad,7,Long-term prevention and regulation,531,0.07721280602636535,0.3245730866698797,0,0,0,3,0.3672316384180791,0.679747220647686,0,1,0,4,0.2900188323917137,0.6656492075930085,0,0,-2,4,0.2344632768361582,0.3483992467043315,0.4356931985849176,,130,24.48210922787194,387,72.88135593220339,14,2.6365348399246704,0.935969868173258,0.003766478342749529,0.7288135593220338,0.0018832391713747645,Observed endpoints only; theoretical item limits not established,Item 7 — Long-term prevention and regulation
Ansiedad,8,Integration of knowledge into practical advice,531,0.3333333333333333,0.6354318097999662,0,0,0,4,0.7947269303201506,0.9403183276783076,1,1,0,4,0.4613935969868173,0.9731863332007573,0,1,-2,4,0.3804143126177024,0.544256120527307,0.4741061205301956,,212,39.92467043314501,271,51.03578154425612,48,9.03954802259887,0.751412429378531,0.0018832391713747645,0.4952919020715631,0.005649717514124294,Observed endpoints only; theoretical item limits not established,Item 8 — Integration of knowledge into practical advice
Decisiones,1,Decision-making and problem solving,411,0.5425790754257908,0.5936757474598992,0.5,1,0,2.5,1.7311435523114356,1.4042977261723086,1,1.5,0,5,1.1885644768856447,1.4065493610175694,1,2,-1.5,5,1.0498783454987834,1.3284671532846715,0.8450215184952888,,303,73.72262773722628,74,18.004866180048662,34,8.27250608272506,0.41119221411192214,0.0024330900243309003,0.10218978102189781,0.06326034063260341,Observed endpoints only; theoretical item limits not established,Item 1 — Decision-making and problem solving
Decisiones,2,Cold (rational) cognitive processes,411,0.06690997566909976,0.3139441292110699,0,0,0,2,1.143552311435523,0.950006949429401,1,2,0,4,1.0766423357664234,0.98195395851452,1,2,-2,4,0.9854014598540146,1.1690997566909975,1.0964285305139418,,280,68.1265206812652,126,30.656934306569344,5,1.2165450121654502,0.9513381995133819,0.0170316301703163,0.29927007299270075,0.0072992700729927005,Observed endpoints only; theoretical item limits not established,Item 2 — Cold (rational) cognitive processes
Decisiones,3,Hot (emotional) processes,411,0.0364963503649635,0.21214672065391124,0,0,0,2,1.1265206812652069,1.088656505407635,1,2,0,5,1.0900243309002433,1.090053813570566,1,2,0,5,0.9841849148418491,1.1982968369829683,0.9999729530139195,,269,65.45012165450122,142,34.54987834549878,0,0,0.9683698296836983,0.004866180048661801,0.3284671532846715,0.014598540145985401,Observed endpoints only; theoretical item limits not established,Item 3 — Hot (emotional) processes
Decisiones,4,Planning and the context of decisions,411,0.12408759124087591,0.384680839666629,0,0,0,3,0.6861313868613139,1.0223251223882355,0,1,0,5,0.5620437956204379,1.0183294344668898,0,1,-2,5,0.46472019464720193,0.6618004866180048,0.5519272806983881,,143,34.79318734793188,259,63.017031630170315,9,2.18978102189781,0.8929440389294404,0.0024330900243309003,0.5912408759124088,0.009732360097323601,Observed endpoints only; theoretical item limits not established,Item 4 — Planning and the context of decisions
Decisiones,5,Impulsivity,411,0.5024330900243309,0.6635043090086992,0,1,0,3,0.8357664233576643,0.9501787169208599,1,1,0,5,0.3333333333333333,0.9197472257906482,0,1,-2,4,0.24695863746958638,0.4245742092457421,0.36241841669790076,,141,34.306569343065696,219,53.284671532846716,51,12.408759124087592,0.5863746958637469,0.004866180048661801,0.45012165450121655,0.004866180048661801,Observed endpoints only; theoretical item limits not established,Item 5 — Impulsivity
Decisiones,6,Skills associated with effective decision-making,411,0.31630170316301703,0.6225063004653394,0,0,0,4,1.3990267639902676,1.251886002276795,1,2,0,5,1.0827250608272505,1.27373787165472,1,2,-2,5,0.9635036496350365,1.2092457420924574,0.8500375822387036,,239,58.15085158150851,153,37.22627737226277,19,4.622871046228711,0.754257907542579,0.0024330900243309003,0.3260340632603406,0.0024330900243309003,Observed endpoints only; theoretical item limits not established,Item 6 — Skills associated with effective decision-making
Decisiones,7,Information organisation,411,0.11192214111922141,0.39153102082041047,0,0,0,3,0.9172749391727494,1.404858597113111,0,1,0,5,0.805352798053528,1.3849612338012915,0,1,-2,5,0.6715328467153284,0.9416058394160584,0.581498440821396,,150,36.496350364963504,253,61.55717761557178,8,1.9464720194647203,0.9099756690997567,0.004866180048661801,0.5936739659367397,0.04866180048661801,Observed endpoints only; theoretical item limits not established,Item 7 — Information organisation
Decisiones,8,Integration of knowledge into practical advice,411,0.34306569343065696,0.6259192989871609,0,1,0,3,0.9440389294403893,1.0261375548178868,1,2,0,5,0.6009732360097324,0.965956635275705,0,1,-2,4,0.5085158150851582,0.6934306569343066,0.6221534322171736,,181,44.038929440389296,204,49.63503649635037,26,6.326034063260341,0.732360097323601,0.0072992700729927005,0.45498783454987834,0.0024330900243309003,Observed endpoints only; theoretical item limits not established,Item 8 — Integration of knowledge into practical advice
Riesgo,1,Anxiety-state concepts,148,0.006756756756756757,0.08219949365267865,0,0,0,1,1.0574324324324325,0.902610817529113,1,1.125,0,5,1.0506756756756757,0.9067769506972853,1,1.125,0,5,0.9121621621621622,1.1925675675675675,1.158692526169458,,107,72.2972972972973,41,27.7027027027027,0,0,0.9932432432432432,0.006756756756756757,0.2702702702702703,0.006756756756756757,Observed endpoints only; theoretical item limits not established,Item 1 — Anxiety-state concepts
Riesgo,2,Factors associated with self-harm and suicidal behaviour,148,0.11486486486486487,0.4127829666212436,0,0,0,2,0.9121621621621622,1.293253315012125,0,1,0,5,0.7972972972972973,1.3297202378745139,0,1,-2,5,0.5878378378378378,1.0135135135135136,0.5995977759740906,,64,43.24324324324324,79,53.37837837837838,5,3.3783783783783785,0.918918918918919,0.033783783783783786,0.5405405405405406,0.033783783783783786,Observed endpoints only; theoretical item limits not established,Item 2 — Factors associated with self-harm and suicidal behaviour
Riesgo,3,Homeostasis and habituation,148,0.12162162162162163,0.3671068243464104,0,0,0,2,0.7027027027027027,0.9144304904679238,0,1,0,4,0.581081081081081,0.9477040893655486,0,1,-2,4,0.43243243243243246,0.7432432432432432,0.61314611554551,,60,40.54054054054054,83,56.08108108108109,5,3.3783783783783785,0.8918918918918919,0.013513513513513514,0.5337837837837838,0.006756756756756757,Observed endpoints only; theoretical item limits not established,Item 3 — Homeostasis and habituation
Riesgo,4,Metacognition,148,0.527027027027027,1.0526671402243484,0,0.25,0,4,1.0810810810810811,1.322302226064301,0,2,0,5,0.5540540540540541,1.179667794720963,0,1,-2,5,0.3716216216216216,0.75,0.46966955996718485,,49,33.108108108108105,89,60.13513513513513,10,6.756756756756757,0.75,0.033783783783783786,0.527027027027027,0.006756756756756757,Observed endpoints only; theoretical item limits not established,Item 4 — Metacognition
Riesgo,5,"Impulsivity, anxiety and risk",148,0.08783783783783784,0.32844830103033723,0,0,0,2,0.7027027027027027,1.059196585913915,0,1,0,4,0.6148648648648649,1.115894130061371,0,1,-2,4,0.44594594594594594,0.7972972972972973,0.5510064515090236,,52,35.13513513513514,90,60.810810810810814,6,4.054054054054054,0.9256756756756757,0.013513513513513514,0.6283783783783784,0.013513513513513514,Observed endpoints only; theoretical item limits not established,"Item 5 — Impulsivity, anxiety and risk"
Riesgo,6,Crisis regulation methods,148,0.47297297297297297,0.5647941765365545,0,1,0,2,1.5743243243243243,1.2513460301992645,1,1.25,0,5,1.1013513513513513,1.2710265007104948,1,2,-2,5,0.9054054054054054,1.3108108108108107,0.866505419623984,,92,62.16216216216216,47,31.756756756756754,9,6.081081081081082,0.5608108108108109,0.033783783783783786,0.23648648648648649,0.006756756756756757,Observed endpoints only; theoretical item limits not established,Item 6 — Crisis regulation methods
Riesgo,7,Long-term prevention and protective processes,148,0.02702702702702703,0.16271279927185697,0,0,0,1,0.33783783783783783,0.7148003294203991,0,0,0,4,0.3108108108108108,0.7363390906918977,0,0,-1,4,0.19594594594594594,0.43243243243243246,0.42210282564077756,,32,21.62162162162162,113,76.35135135135135,3,2.027027027027027,0.972972972972973,0.02702702702702703,0.777027027027027,0.006756756756756757,Observed endpoints only; theoretical item limits not established,Item 7 — Long-term prevention and protective processes
Riesgo,8,Integration of knowledge into practical advice,148,0.4797297297297297,0.6946794356347422,0,1,0,3,0.8581081081081081,0.9258945675064159,1,1,0,5,0.3783783783783784,0.8682252239651445,0,1,-2,3,0.24324324324324326,0.5135135135135135,0.43580670998055304,,60,40.54054054054054,71,47.97297297297297,17,11.486486486486488,0.6283783783783784,0.006756756756756757,0.42567567567567566,0.006756756756756757,Observed endpoints only; theoretical item limits not established,Item 8 — Integration of knowledge into practical advice
