workshop,sample,solution,item,factor,loading,communality
Ansiedad,Ansiedad — all years,1 factor,1,Factor 1,0.3627640353151333,0.13159774531811927
Ansiedad,Ansiedad — all years,1 factor,2,Factor 1,0.6221077501021689,0.38701805273718265
Ansiedad,Ansiedad — all years,1 factor,3,Factor 1,0.022141093303867636,4.902280126905723e-4
Ansiedad,Ansiedad — all years,1 factor,4,Factor 1,0.6761542304245559,0.45718454332102343
Ansiedad,Ansiedad — all years,1 factor,5,Factor 1,0.18612482725806276,0.0346424513218437
Ansiedad,Ansiedad — all years,1 factor,6,Factor 1,0.716562642819006,0.5134620210837583
Ansiedad,Ansiedad — all years,1 factor,7,Factor 1,0.4612096659076168,0.2127143559266155
Ansiedad,Ansiedad — all years,1 factor,8,Factor 1,0.5861270313013195,0.34354489682209793
Ansiedad,Ansiedad — all years,2 factor,1,Factor 1,0.31036271301036356,0.19337951756898736
Ansiedad,Ansiedad — all years,2 factor,1,Factor 2,0.29990153156715366,0.19337951756898736
Ansiedad,Ansiedad — all years,2 factor,2,Factor 1,0.6140875556469255,0.3812983211218725
Ansiedad,Ansiedad — all years,2 factor,2,Factor 2,0.045421180521667257,0.3812983211218725
Ansiedad,Ansiedad — all years,2 factor,3,Factor 1,-0.11920400311029809,0.47391429188168016
Ansiedad,Ansiedad — all years,2 factor,3,Factor 2,0.6825856924120333,0.47391429188168016
Ansiedad,Ansiedad — all years,2 factor,4,Factor 1,0.6880386441331834,0.4728636323201982
Ansiedad,Ansiedad — all years,2 factor,4,Factor 2,-0.013733179535287826,0.4728636323201982
Ansiedad,Ansiedad — all years,2 factor,5,Factor 1,0.07846462852430044,0.5070098164115293
Ansiedad,Ansiedad — all years,2 factor,5,Factor 2,0.7047177624583387,0.5070098164115293
Ansiedad,Ansiedad — all years,2 factor,6,Factor 1,0.7786186051431678,0.6117889012163135
Ansiedad,Ansiedad — all years,2 factor,6,Factor 2,-0.10992323211952687,0.6117889012163135
Ansiedad,Ansiedad — all years,2 factor,7,Factor 1,0.42571408165222707,0.22491310562167896
Ansiedad,Ansiedad — all years,2 factor,7,Factor 2,0.19336350365047128,0.22491310562167896
Ansiedad,Ansiedad — all years,2 factor,8,Factor 1,0.5594712189807821,0.3381481075715059
Ansiedad,Ansiedad — all years,2 factor,8,Factor 2,0.13861201003496942,0.3381481075715059
Ansiedad,Ansiedad — 2024/25 + 2025/26,1 factor,1,Factor 1,0.4184926524118257,0.17513610012268516
Ansiedad,Ansiedad — 2024/25 + 2025/26,1 factor,2,Factor 1,0.5459448122635786,0.29805573803751406
Ansiedad,Ansiedad — 2024/25 + 2025/26,1 factor,3,Factor 1,0.4498249357011132,0.20234247277851064
Ansiedad,Ansiedad — 2024/25 + 2025/26,1 factor,4,Factor 1,0.5892747899022479,0.3472447780143384
Ansiedad,Ansiedad — 2024/25 + 2025/26,1 factor,5,Factor 1,0.6058326619851476,0.3670332143280101
Ansiedad,Ansiedad — 2024/25 + 2025/26,1 factor,6,Factor 1,0.6790236739338728,0.46107314976265434
Ansiedad,Ansiedad — 2024/25 + 2025/26,1 factor,7,Factor 1,0.46444530773823545,0.21570944388006422
Ansiedad,Ansiedad — 2024/25 + 2025/26,1 factor,8,Factor 1,0.5746406520491125,0.3302118789874292
Decisiones,Decisiones — all years,1 factor,1,Factor 1,0.5487208303486997,0.30109454965856647
Decisiones,Decisiones — all years,1 factor,2,Factor 1,0.6061577467457528,0.36742721393988825
Decisiones,Decisiones — all years,1 factor,3,Factor 1,0.541540516508348,0.29326613102012833
Decisiones,Decisiones — all years,1 factor,4,Factor 1,0.5324645416759376,0.2835184881421663
Decisiones,Decisiones — all years,1 factor,5,Factor 1,0.5479642539380964,0.30026482359393464
Decisiones,Decisiones — all years,1 factor,6,Factor 1,0.6465664216881525,0.41804813765462184
Decisiones,Decisiones — all years,1 factor,7,Factor 1,0.6103736676952786,0.3725560142157863
Decisiones,Decisiones — all years,1 factor,8,Factor 1,0.5987437751757573,0.3584941083117178
Decisiones,Decisiones — all years,2 factor,1,Factor 1,0.44541915784656483,0.29084372542553716
Decisiones,Decisiones — all years,2 factor,1,Factor 2,0.1716396414518563,0.29084372542553716
Decisiones,Decisiones — all years,2 factor,2,Factor 1,0.06043081014991658,0.681281136673832
Decisiones,Decisiones — all years,2 factor,2,Factor 2,0.7986654607192507,0.681281136673832
Decisiones,Decisiones — all years,2 factor,3,Factor 1,-0.039443900875925086,0.6899194557366435
Decisiones,Decisiones — all years,2 factor,3,Factor 2,0.8460840168454249,0.6899194557366435
Decisiones,Decisiones — all years,2 factor,4,Factor 1,0.3465241631340795,0.2689198376337988
Decisiones,Decisiones — all years,2 factor,4,Factor 2,0.2686158648127866,0.2689198376337988
Decisiones,Decisiones — all years,2 factor,5,Factor 1,0.5448780578979835,0.32957635359862
Decisiones,Decisiones — all years,2 factor,5,Factor 2,0.06375458608062656,0.32957635359862
Decisiones,Decisiones — all years,2 factor,6,Factor 1,0.6114242627710802,0.4435799537051816
Decisiones,Decisiones — all years,2 factor,6,Factor 2,0.11306868271632448,0.4435799537051816
Decisiones,Decisiones — all years,2 factor,7,Factor 1,0.5585612530898417,0.3839358161315486
Decisiones,Decisiones — all years,2 factor,7,Factor 2,0.12330365163408114,0.3839358161315486
Decisiones,Decisiones — all years,2 factor,8,Factor 1,0.8094166877741394,0.5861769661765854
Decisiones,Decisiones — all years,2 factor,8,Factor 2,-0.12801511719777436,0.5861769661765854
Riesgo,Riesgo — all years,1 factor,1,Factor 1,0.7306336005016741,0.53382545818204
Riesgo,Riesgo — all years,1 factor,2,Factor 1,0.577531838264219,0.33354302420884807
Riesgo,Riesgo — all years,1 factor,3,Factor 1,0.5359769255950894,0.28727126477036397
Riesgo,Riesgo — all years,1 factor,4,Factor 1,0.6409925715301507,0.41087147675683533
Riesgo,Riesgo — all years,1 factor,5,Factor 1,0.6262719784714569,0.39221659101855294
Riesgo,Riesgo — all years,1 factor,6,Factor 1,0.6537001478593608,0.4273238833113502
Riesgo,Riesgo — all years,1 factor,7,Factor 1,0.6401728083749363,0.4098212245826529
Riesgo,Riesgo — all years,1 factor,8,Factor 1,0.5479103957023729,0.30020580171873085
