workshop,moment,item,n,pearson_item_total,spearman_item_total,pearson_item_rest,spearman_item_rest,alpha_if_item_deleted
Ansiedad,PRE,1,531,0.451027680147666,0.2665642875442717,0.2519222265766685,0.07251555274699924,0.29051542781684964
Ansiedad,PRE,2,531,0.277422522976818,0.24143156366176877,0.12426702005419153,0.07849942650138515,0.342980974879488
Ansiedad,PRE,3,531,0.28744295046548635,0.258003938986762,0.1074125072650809,0.12830687357303175,0.346129734481015
Ansiedad,PRE,4,531,0.4154066498801952,0.22377604561648817,0.19381279495777087,0.05069691005864208,0.31035613083738944
Ansiedad,PRE,5,531,0.2679218869015813,0.19391208369573631,-0.06112245491213502,-0.22702315465711861,0.4407651301348385
Ansiedad,PRE,6,531,0.5851751539270064,0.6231939007755695,0.13879153795951632,0.03442762914078618,0.3588706464169463
Ansiedad,PRE,7,531,0.5282783051346868,0.31562393993766324,0.35955639318483346,0.18930972961039905,0.2562075032382735
Ansiedad,PRE,8,531,0.6025404565199249,0.5892823661845247,0.25312823017534,0.231340709570868,0.25540641985108486
Ansiedad,POST,1,531,0.5811423278263326,0.5197456685675876,0.42852659599254733,0.3653148407503373,0.6778453821432596
Ansiedad,POST,2,531,0.7165926189969599,0.7518266972743098,0.485485829869702,0.46557245864485824,0.6725527814454715
Ansiedad,POST,3,531,0.33878317212448555,0.23706903626537051,0.14197463760716192,0.048354705741786005,0.7321913186072768
Ansiedad,POST,4,531,0.6903411330711059,0.678111966986746,0.5132601632240766,0.49307317589587474,0.6550998602905646
Ansiedad,POST,5,531,0.5024601297734723,0.36913343113276303,0.36513492889677496,0.23713312331131775,0.6914771594842566
Ansiedad,POST,6,531,0.7073230013148643,0.6481502059840226,0.5503361101069926,0.48255976474086476,0.6462688952847304
Ansiedad,POST,7,531,0.49996752286651636,0.48178958044106074,0.4061059949655684,0.3995413404392046,0.692874531681214
Ansiedad,POST,8,531,0.5862138556905945,0.5841956706286409,0.4662590678186108,0.46504662791941875,0.676109487605758
Decisiones,PRE,1,411,0.4897866325005169,0.5508871017194307,0.19926689667085085,0.2386283065337995,0.4869449202143405
Decisiones,PRE,2,411,0.3345008346208041,0.27262196488541784,0.1767627150471976,0.16282890353845125,0.49025889004078677
Decisiones,PRE,3,411,0.20178492887978763,0.17587472503703508,0.09161972726212575,0.08755832391271821,0.5077779902408623
Decisiones,PRE,4,411,0.42141194759382544,0.3491449808488568,0.23466311162461634,0.21353948454336202,0.47254158664844165
Decisiones,PRE,5,411,0.6050792659184652,0.6246964276981757,0.30591206605951443,0.29853695700347477,0.43789347086713776
Decisiones,PRE,6,411,0.5543903316271637,0.48975725247233814,0.26282963877619664,0.23124073188217278,0.45879525527483284
Decisiones,PRE,7,411,0.32622159063274314,0.3270394920218707,0.12606377934158877,0.1710515314644898,0.5032319751401851
Decisiones,PRE,8,411,0.6785771948793591,0.6123620344729327,0.42925889965767394,0.39286216607623725,0.3724275922134671
Decisiones,POST,1,411,0.6524204349217471,0.650704652620576,0.4772986667516534,0.484307308031339,0.7687376610757249
Decisiones,POST,2,411,0.6396263532925931,0.6550946697617422,0.5270615120823282,0.5367888323209937,0.7600689498136068
Decisiones,POST,3,411,0.5965724236599712,0.5994892485883674,0.4548595153064777,0.4684436884267852,0.7689881261633676
Decisiones,POST,4,411,0.6040090414280456,0.5656294770271266,0.4737392840919074,0.4515825422510035,0.7664483584509562
Decisiones,POST,5,411,0.6085291478749015,0.5808858126202053,0.4896348835162361,0.46698285632787356,0.76504281628186
Decisiones,POST,6,411,0.6965042362959543,0.7053852595238049,0.5574901103143939,0.5581182338386059,0.7518944026938742
Decisiones,POST,7,411,0.6719007035524706,0.6641246578570745,0.5029848571152788,0.5288954130639922,0.7636828360843316
Decisiones,POST,8,411,0.6308854825798421,0.6398143303305714,0.5058186274650254,0.5177383710151587,0.7618235056909364
Riesgo,PRE,1,148,0.1109857769438362,0.11253852967374081,0.06026494472410808,0.07108288349648588,0.1030164647960185
Riesgo,PRE,2,148,0.26327984561802,0.2919254771486377,0.0075169332269828925,0.06738574045467735,0.11273233906462757
Riesgo,PRE,3,148,0.33238223341162587,0.30843944837425935,0.1103180697892497,0.12480835730542249,0.059565889037258186
Riesgo,PRE,4,148,0.6198737836055563,0.5854317066573863,-0.042069378909697336,0.029647707710658007,0.2587241524290027
Riesgo,PRE,5,148,0.15554550891984373,0.17327263700718215,-0.04870964674418846,-0.024325802714098895,0.13511103076320466
Riesgo,PRE,6,148,0.5405111321809122,0.5563909094232807,0.22050271219126202,0.2635864244648781,-0.06210983300060195
Riesgo,PRE,7,148,0.12054611329136138,0.13165814686587102,0.019764077818662063,0.037903422190230913,0.10613670062658452
Riesgo,PRE,8,148,0.4951005130128013,0.5253960425601486,0.0737216997451062,0.15493040899687505,0.058872865363557965
Riesgo,POST,1,148,0.7858231796303804,0.7141502912343307,0.7154163922297975,0.6304243179825967,0.8129616436595676
Riesgo,POST,2,148,0.6752646640520686,0.6207576070980402,0.5264075515828364,0.488644408639028,0.8364206512679622
Riesgo,POST,3,148,0.6180159565963037,0.5772202292833707,0.5078288310993074,0.46076621727884787,0.8347802615364943
Riesgo,POST,4,148,0.7350798137182027,0.7302873496044259,0.6023163295217507,0.5677949817996203,0.8256480352409915
Riesgo,POST,5,148,0.732763459411924,0.6208048088099227,0.6311609381588327,0.5055893105048306,0.8199145977692582
Riesgo,POST,6,148,0.7193064715299811,0.7616232658616295,0.5901100419903513,0.6189022390025972,0.826217756932401
Riesgo,POST,7,148,0.6880172954930558,0.5669823554566127,0.6158067944108468,0.5105369751972894,0.8280637574112786
Riesgo,POST,8,148,0.6784147601671175,0.5960150987886276,0.5791305169620369,0.47553689432278157,0.8271876809610849
